<?xml version = "1.0" encoding = "utf-8"?>
<!DOCTYPE hibernate-mapping PUBLIC 
"-//Hibernate/Hibernate Mapping DTD//EN"
"http://www.hibernate.org/dtd/hibernate-mapping-3.0.dtd"> 

<hibernate-mapping>
   <class name = "com.wipro.abcd.model.Student" table = "STUDENT">
      
      <meta attribute = "class-description">
         This class contains the Student detail. 
      </meta>
      
      <id name = "id" type = "int" column = "id">
         <generator class="native"/>
      </id>
      
      <property name = "name" column = "name" type = "string"/>
      <property name = "dateOfBirth"  type = "date"/>      
   </class>
</hibernate-mapping>